word	Class	n
aanat	2	1
aanat	7	3
abca1	4	4
abca3	1	1
abca3	4	8
abca3	7	1
abcb11	2	1
abcb7	8	1
abcb7	9	11
abcc2	2	1
abcc8	7	1
abl1	1	15
abl1	2	33
abl1	3	9
abl1	4	4
abl1	5	6
abl1	6	2
abl1	7	47
abl1	8	1
abl1	9	8
actn4	1	1
actn4	2	1
actn4	4	2
actn4	7	1
acvr1	2	2
acvr1	7	8
acvr2b	1	2
acvrl1	1	2
acvrl1	4	1
ada	4	2
adipoq	1	1
adipoq	9	1
aga	1	14
aga	2	11
aga	3	7
aga	4	20
aga	5	3
aga	6	5
aga	7	35
aga	8	1
agl	1	1
agl	4	1
agl	7	1
ago2	1	7
ago2	2	1
ago2	7	1
agtr2	2	1
aicda	4	1
aicda	7	4
aip	1	1
aip	4	1
aire	1	1
akap9	2	6
akap9	4	5
akap9	6	1
akap9	7	11
akt1	1	33
akt1	2	57
akt1	3	18
akt1	4	86
akt1	5	15
akt1	6	6
akt1	7	139
akt1	8	6
akt1	9	3
akt2	1	4
akt2	2	10
akt2	3	3
akt2	4	17
akt2	5	7
akt2	6	3
akt2	7	39
akt2	8	2
akt2	9	2
akt3	1	3
akt3	2	11
akt3	3	3
akt3	4	2
akt3	5	9
akt3	6	5
akt3	7	51
alas2	8	1
alas2	9	7
aldob	9	2
alk	1	20
alk	2	89
alk	3	21
alk	4	14
alk	5	16
alk	6	8
alk	7	229
alk	8	2
alox12b	1	2
alox12b	2	1
alx4	2	1
amacr	1	1
amacr	7	3
amelx	7	2
amn	2	2
amt	1	1
amt	2	1
amt	4	5
amt	5	1
ankk1	1	1
ano5	7	1
antxr2	2	1
ap3b1	1	1
ap3b1	7	3
apc	1	87
apc	2	49
apc	3	3
apc	4	65
apc	5	3
apc	6	13
apc	7	141
apc	8	1
apc	9	3
ar	1	25
ar	2	23
ar	4	24
ar	5	6
ar	6	8
ar	7	37
ar	8	1
ar	9	2
araf	1	6
araf	2	27
araf	4	14
araf	5	12
araf	6	4
araf	7	49
arfgef2	7	1
arg1	7	2
arg1	9	2
arhgap26	1	1
arhgap26	2	1
arid1a	1	34
arid1a	2	19
arid1a	3	3
arid1a	4	18
arid1a	5	3
arid1a	6	3
arid1a	7	42
arid1a	9	6
arid1b	1	8
arid1b	2	3
arid1b	4	4
arid1b	7	6
arid2	1	6
arid2	2	5
arid2	4	2
arid2	7	8
arid5b	1	5
arid5b	2	1
arid5b	4	2
arid5b	7	5
arl13b	4	1
arx	1	1
arx	4	4
asl	5	1
asl	7	1
asxl1	1	13
asxl1	2	17
asxl1	4	7
asxl1	5	3
asxl1	7	23
asxl1	8	3
asxl1	9	13
asxl2	1	3
asxl2	4	1
atic	2	3
atic	7	1
atl1	7	1
atm	1	70
atm	2	25
atm	3	3
atm	4	63
atm	5	9
atm	6	9
atm	7	57
atm	9	2
atp7a	4	4
atr	1	31
atr	2	8
atr	4	27
atr	5	3
atr	6	4
atr	7	12
atr	9	3
atrx	1	5
atrx	2	2
atrx	3	3
atrx	4	2
atrx	5	4
atrx	7	26
atrx	8	3
aurka	1	4
aurka	2	2
aurka	4	1
aurka	7	3
aurkb	1	1
aurkb	2	2
aurkb	4	3
aurkb	5	1
aurkb	7	2
aurkb	8	1
aurkb	9	6
aurkc	2	1
axin1	1	9
axin1	4	3
axin1	7	15
axin2	1	14
axin2	2	1
axin2	3	1
axin2	4	7
axin2	6	1
axin2	7	6
axl	2	11
axl	4	1
axl	6	2
axl	7	14
b2m	1	8
b2m	2	6
b2m	4	8
b2m	5	4
b2m	7	11
b2m	8	2
b2m	9	6
bank1	7	4
bap1	1	10
bap1	2	6
bap1	3	2
bap1	4	28
bap1	5	3
bap1	6	29
bap1	7	18
bap1	9	4
bard1	1	57
bard1	2	3
bard1	3	8
bard1	4	54
bard1	5	55
bard1	6	85
bard1	7	17
bbs10	2	1
bcam	2	1
bcl10	1	3
bcl10	2	4
bcl10	7	8
bcl2	1	32
bcl2	2	24
bcl2	4	31
bcl2	5	6
bcl2	6	17
bcl2	7	60
bcl2	8	1
bcl2	9	1
bcl2l11	1	5
bcl2l11	2	4
bcl2l11	4	2
bcl2l11	7	11
bcor	1	10
bcor	2	3
bcor	4	3
bcor	5	4
bcor	6	1
bcor	7	11
bcor	8	5
bcor	9	1
bin1	1	1
bin1	2	3
bin1	7	1
blm	1	12
blm	2	1
blm	4	6
blmh	4	1
blmh	7	4
bmpr1a	1	6
bmpr1a	2	6
bmpr1a	4	3
bmpr1a	5	2
bmpr1a	6	2
bmpr1a	7	10
bmpr1b	1	1
bmpr1b	2	1
bmpr1b	4	1
bmpr1b	7	2
bmpr2	1	2
bmpr2	2	1
bmpr2	7	2
bpgm	1	1
braf	1	87
braf	2	163
braf	3	14
braf	4	79
braf	5	47
braf	6	41
braf	7	361
braf	8	5
braf	9	3
brca1	1	173
brca1	2	24
brca1	3	18
brca1	4	141
brca1	5	135
brca1	6	153
brca1	7	50
brca1	8	1
brca1	9	7
brca2	1	140
brca2	2	15
brca2	3	18
brca2	4	123
brca2	5	127
brca2	6	114
brca2	7	31
brd4	1	8
brd4	2	21
brd4	4	5
brd4	5	8
brd4	6	4
brd4	7	37
brd4	8	2
brip1	1	16
brip1	3	1
brip1	4	12
brip1	5	1
brip1	6	8
brip1	7	6
btk	1	1
btk	2	1
btk	4	1
btk	7	9
btk	8	1
bub1	1	1
bub1	2	2
bub1	4	3
bub1	7	2
bub1b	1	2
c2	1	40
c2	2	32
c2	3	5
c2	4	144
c2	5	13
c2	6	8
c2	7	91
c2	8	2
c2	9	2
c6	1	4
c6	2	5
c6	4	6
c6	7	20
c6	8	1
c7	1	1
c7	2	1
c7	4	3
c7	7	1
c7	9	2
ca2	1	9
ca2	2	9
ca2	4	9
ca2	7	23
ca2	8	1
ca2	9	3
cacna1a	1	1
cacnb2	2	1
cant1	2	2
cant1	7	2
card11	1	5
card11	2	7
card11	4	6
card11	7	15
carm1	1	5
carm1	2	1
carm1	7	2
cask	1	2
casp10	7	2
casp8	1	9
casp8	2	1
casp8	4	1
casp8	6	1
casp8	7	3
casp8	9	3
casr	1	1
casr	4	1
cav3	7	1
cbl	1	9
cbl	2	21
cbl	3	5
cbl	4	28
cbl	5	9
cbl	6	31
cbl	7	61
cbl	8	1
cbl	9	6
cbs	1	2
cbs	2	2
cbs	4	4
cbs	7	3
cbs	8	1
cbs	9	2
ccbe1	1	1
ccm2	2	1
ccnd1	1	14
ccnd1	2	47
ccnd1	3	2
ccnd1	4	26
ccnd1	5	5
ccnd1	6	9
ccnd1	7	77
ccnd1	8	1
ccnd2	1	5
ccnd2	2	6
ccnd2	4	1
ccnd2	5	3
ccnd2	7	14
ccnd3	1	7
ccnd3	2	6
ccnd3	4	2
ccnd3	6	3
ccnd3	7	13
ccne1	1	10
ccne1	2	6
ccne1	4	11
ccne1	5	1
ccne1	6	3
ccne1	7	14
ccr2	4	1
ccr2	7	1
cd207	2	3
cd207	5	2
cd207	7	7
cdh1	1	34
cdh1	2	11
cdh1	4	13
cdh1	5	4
cdh1	6	2
cdh1	7	22
cdh1	8	2
cdk12	1	8
cdk12	2	7
cdk12	4	5
cdk12	5	1
cdk12	7	1
cdk4	1	24
cdk4	2	51
cdk4	3	2
cdk4	4	67
cdk4	5	11
cdk4	6	10
cdk4	7	125
cdk6	1	14
cdk6	2	25
cdk6	4	60
cdk6	5	5
cdk6	6	5
cdk6	7	55
cdk8	1	9
cdk8	2	13
cdk8	3	1
cdk8	4	11
cdk8	5	2
cdk8	6	2
cdk8	7	21
cdk8	9	1
cdkl5	2	1
cdkn1a	1	29
cdkn1a	2	5
cdkn1a	4	26
cdkn1a	6	5
cdkn1a	7	21
cdkn1a	9	2
cdkn1b	1	8
cdkn1b	2	8
cdkn1b	4	11
cdkn1b	6	2
cdkn1b	7	14
cdkn2a	1	64
cdkn2a	2	54
cdkn2a	3	1
cdkn2a	4	90
cdkn2a	5	12
cdkn2a	6	12
cdkn2a	7	112
cdkn2a	8	2
cdkn2a	9	3
cdkn2b	1	8
cdkn2b	2	8
cdkn2b	4	9
cdkn2b	5	3
cdkn2b	7	28
cdkn2b	9	1
cdkn2c	1	4
cdkn2c	2	3
cdkn2c	4	8
cdkn2c	5	3
cdkn2c	6	1
cdkn2c	7	14
cdkn2c	9	1
cebpa	1	12
cebpa	2	18
cebpa	4	6
cebpa	5	3
cebpa	6	1
cebpa	7	26
cebpa	9	3
cenpj	4	1
cep152	4	1
cep290	1	2
cfp	1	1
cfp	2	1
cfp	7	3
cftr	1	5
cftr	2	1
cftr	5	1
cftr	7	1
chd7	1	1
chd7	6	2
chd7	7	4
chek2	1	25
chek2	2	3
chek2	3	2
chek2	4	6
chek2	5	1
chek2	6	2
chek2	7	7
chit1	7	1
chmp2b	7	1
cic	1	10
cic	2	4
cic	7	9
cic	8	1
cic	9	1
clcn2	7	1
clcn7	7	3
cln3	7	1
cnnm4	1	1
cntnap2	1	2
col4a5	2	1
col4a5	8	1
colq	2	1
comp	1	1
comp	7	1
comp	8	1
coq2	1	1
crebbp	1	35
crebbp	2	22
crebbp	4	22
crebbp	5	4
crebbp	6	3
crebbp	7	20
crebbp	8	2
crebbp	9	1
crlf1	2	1
csnk1d	6	1
ctcf	1	12
ctcf	2	3
ctcf	4	2
ctcf	5	2
ctcf	7	3
ctcf	9	1
cth	1	3
cth	4	4
cth	6	8
ctla4	1	5
ctla4	2	2
ctla4	6	1
ctla4	7	3
ctnnb1	1	28
ctnnb1	2	21
ctnnb1	3	1
ctnnb1	4	27
ctnnb1	5	5
ctnnb1	6	7
ctnnb1	7	53
ctsa	1	1
ctsc	2	3
ctsc	7	3
cubn	1	1
cul4b	1	5
cul7	1	1
cul7	2	1
cul7	4	1
cul7	7	4
cybb	7	2
cyld	1	1
cyld	2	4
cyld	4	4
cyld	7	14
cyp17a1	7	3
cyp1b1	1	1
cyp27b1	2	1
cyp27b1	7	5
cyp27b1	8	1
d2hgdh	8	1
d2hgdh	9	4
dbh	2	1
dclre1c	7	1
dctn1	2	1
dctn1	7	1
dcx	2	1
dcx	7	1
ddb2	1	5
ddb2	4	3
ddr2	1	2
ddr2	2	4
ddr2	4	1
ddr2	5	1
ddr2	6	4
ddr2	7	14
dguok	4	1
dhh	1	1
dhh	4	1
dhh	5	1
dhh	6	2
dhh	7	2
dicer1	1	7
dicer1	2	3
dicer1	4	3
dicer1	5	2
dicer1	7	8
dis3	7	1
dkc1	1	1
dkc1	2	1
dkc1	4	4
dkc1	7	2
dlc1	4	1
dlc1	7	1
dld	1	9
dld	4	7
dld	5	1
dld	7	4
dll3	1	2
dll3	2	12
dll3	4	1
dll3	5	1
dll3	7	13
dmd	1	2
dmd	4	4
dnah5	2	1
dnai1	7	1
dnmt3a	1	13
dnmt3a	2	11
dnmt3a	4	7
dnmt3a	5	6
dnmt3a	7	35
dnmt3a	8	4
dnmt3a	9	11
dnmt3b	1	5
dnmt3b	2	1
dnmt3b	4	2
dnmt3b	8	1
dnmt3b	9	3
dock8	2	1
dock8	7	1
dok7	1	1
dok7	6	1
dusp4	1	1
dusp4	2	3
dusp4	5	1
dusp4	6	4
dusp4	7	10
ebp	1	8
ebp	2	2
ebp	4	7
ebp	5	1
ebp	6	1
ebp	7	4
eda	2	3
eda	6	1
eda	7	1
edar	1	1
edar	7	2
egfr	1	84
egfr	2	197
egfr	3	15
egfr	4	87
egfr	5	35
egfr	6	61
egfr	7	435
egfr	8	9
egfr	9	4
egln1	2	7
egln1	8	1
egln1	9	3
ehmt1	1	4
ehmt1	9	6
eif1ax	2	2
eif1ax	7	4
eif1ax	9	3
elac2	6	1
elf3	1	5
elf3	2	3
elf3	4	3
elf3	5	3
elf3	6	2
elf3	7	2
emd	1	15
emd	2	22
emd	4	25
emd	5	5
emd	6	3
emd	7	39
emd	8	2
emd	9	4
ep300	1	38
ep300	2	20
ep300	4	17
ep300	5	3
ep300	6	3
ep300	7	11
ep300	8	2
epas1	2	7
epas1	4	5
epcam	1	4
epcam	2	4
epcam	4	4
epcam	5	2
epcam	7	7
ephb2	2	4
ephb2	6	1
ephb2	7	9
erbb2	1	45
erbb2	2	92
erbb2	3	16
erbb2	4	35
erbb2	5	18
erbb2	6	29
erbb2	7	206
erbb2	8	4
erbb3	1	26
erbb3	2	44
erbb3	3	4
erbb3	4	15
erbb3	5	5
erbb3	6	20
erbb3	7	69
erbb3	8	5
erbb3	9	2
erbb4	1	3
erbb4	2	19
erbb4	3	5
erbb4	4	9
erbb4	5	8
erbb4	6	7
erbb4	7	65
ercc2	1	21
ercc2	2	2
ercc2	4	1
ercc2	5	2
ercc2	6	2
ercc2	7	7
ercc3	1	2
ercc3	4	2
ercc4	1	2
ercc4	4	3
ercc6	1	2
ercc6	2	1
ercc6	4	2
ercc8	1	1
erf	1	2
erf	4	2
erf	9	1
erg	1	17
erg	2	29
erg	3	2
erg	4	23
erg	5	6
erg	6	1
erg	7	27
erg	8	1
erg	9	1
errfi1	1	1
errfi1	2	3
errfi1	4	1
errfi1	5	3
errfi1	7	12
esco2	1	3
esr1	1	2
esr1	2	12
esr1	3	2
esr1	4	9
esr1	6	2
esr1	7	19
esrrb	1	1
etv1	1	12
etv1	2	14
etv1	3	2
etv1	4	19
etv1	5	1
etv1	7	20
etv1	9	1
etv6	1	15
etv6	2	33
etv6	3	4
etv6	4	19
etv6	5	6
etv6	7	74
ewsr1	1	2
ewsr1	2	7
ewsr1	7	6
ewsr1	8	1
ewsr1	9	1
ext1	7	1
ext2	2	1
ext2	7	5
ext2	8	1
eya1	2	1
ezh2	1	26
ezh2	2	11
ezh2	4	22
ezh2	5	2
ezh2	6	3
ezh2	7	22
ezh2	8	1
ezh2	9	16
f10	1	9
f10	2	5
f10	4	2
f10	5	1
f10	7	10
f11	1	6
f11	4	2
f11	5	1
f12	1	24
f12	2	15
f12	4	31
f12	5	20
f12	6	5
f12	7	53
f12	8	1
f5	1	11
f5	2	2
f5	3	1
f5	4	12
f5	5	1
f5	7	9
f5	8	2
f5	9	1
f7	1	4
f7	4	3
f7	5	1
f7	7	1
f8	1	5
f8	2	1
f8	4	5
f8	5	1
f8	6	1
f8	7	2
f8	8	1
f8	9	8
f9	1	8
f9	4	1
f9	5	4
f9	7	3
fam58a	1	1
fam58a	7	1
fanca	1	9
fanca	2	5
fanca	4	10
fanca	7	3
fanca	9	3
fancc	1	10
fancc	4	10
fancc	7	1
fancd2	1	20
fancd2	3	8
fancd2	4	36
fancd2	5	40
fancd2	6	8
fancd2	7	2
fanci	1	9
fanci	4	7
fanci	5	1
fat1	1	4
fat1	2	1
fat1	4	9
fat1	6	1
fat1	7	2
fbp1	1	1
fbxo7	9	2
fbxw7	1	17
fbxw7	2	21
fbxw7	3	2
fbxw7	4	31
fbxw7	5	7
fbxw7	6	3
fbxw7	7	36
fbxw7	8	1
fbxw7	9	2
fech	8	1
fech	9	6
fgf10	1	6
fgf10	2	3
fgf10	5	1
fgf10	6	4
fgf10	7	16
fgf14	7	2
fgf19	2	2
fgf19	4	4
fgf19	6	2
fgf19	7	10
fgf23	1	6
fgf23	2	2
fgf23	5	1
fgf23	6	6
fgf23	7	9
fgf3	2	1
fgf3	4	4
fgf3	6	2
fgf3	7	5
fgf3	8	1
fgf4	1	6
fgf4	2	1
fgf4	4	4
fgf4	5	1
fgf4	6	6
fgf4	7	8
fgf8	1	7
fgf8	2	3
fgf8	5	1
fgf8	6	6
fgf8	7	7
fgf9	1	1
fgf9	2	1
fgf9	7	9
fgfr1	1	16
fgfr1	2	55
fgfr1	3	3
fgfr1	4	5
fgfr1	5	25
fgfr1	6	13
fgfr1	7	117
fgfr2	1	11
fgfr2	2	27
fgfr2	4	7
fgfr2	5	23
fgfr2	6	10
fgfr2	7	90
fgfr3	1	13
fgfr3	2	36
fgfr3	4	4
fgfr3	5	18
fgfr3	6	10
fgfr3	7	86
fgfr4	1	10
fgfr4	2	19
fgfr4	4	1
fgfr4	5	16
fgfr4	6	6
fgfr4	7	52
fhl1	1	1
flcn	4	5
flcn	7	1
flna	2	1
flna	7	1
flt1	2	1
flt1	6	1
flt1	7	26
flt3	1	29
flt3	2	73
flt3	3	15
flt3	4	28
flt3	5	11
flt3	6	27
flt3	7	185
flt3	8	2
flt3	9	7
fmr1	9	3
foxa1	1	11
foxa1	2	10
foxa1	4	2
foxa1	6	2
foxa1	7	7
foxc1	1	2
foxc2	1	2
foxc2	2	1
foxc2	4	1
foxc2	5	1
foxc2	7	2
foxe1	1	1
foxe1	7	1
foxf1	1	1
foxl2	1	3
foxl2	2	1
foxl2	4	2
foxl2	6	1
foxo1	1	5
foxo1	2	10
foxo1	4	3
foxo1	5	6
foxo1	7	17
foxo1	8	1
foxo1	9	1
foxp1	1	3
foxp1	2	2
foxp1	7	5
foxp1	9	3
foxp2	1	1
foxp2	4	1
foxp3	1	4
foxp3	2	1
foxp3	4	1
foxp3	7	4
foxp3	9	1
frem1	7	1
fto	1	4
fto	5	3
fto	6	6
fto	8	1
fto	9	3
fubp1	1	5
fubp1	7	4
fxyd2	2	1
fzd4	7	1
g6pd	1	2
g6pd	7	16
g6pd	8	1
gaa	1	23
gaa	2	14
gaa	3	7
gaa	4	37
gaa	5	3
gaa	6	7
gaa	7	37
gaa	8	1
gaa	9	3
gad1	7	3
gale	1	2
gale	7	18
galnt3	8	1
gan	4	2
gan	7	3
gars	7	1
gata1	1	2
gata1	2	1
gata1	4	4
gata1	7	6
gata1	8	1
gata1	9	7
gata3	1	2
gata3	2	13
gata3	4	3
gata3	6	6
gata3	7	11
gata3	9	1
gata4	1	4
gata4	2	2
gata4	7	5
gclc	1	2
gclc	7	15
gdnf	1	1
gdnf	2	4
gdnf	4	6
gdnf	5	1
gdnf	7	9
gdnf	8	1
gfi1	1	1
gfi1	4	1
gfi1	6	1
ghr	1	1
ghr	7	1
ghrl	1	1
gif	1	3
gif	2	2
gif	7	11
gjb4	7	1
gk	1	2
gk	7	1
gli1	1	4
gli1	2	13
gli1	5	2
gli1	6	3
gli1	7	11
gli1	8	1
gli1	9	1
gna11	2	8
gna11	4	2
gna11	6	3
gna11	7	18
gna11	9	3
gnaq	2	15
gnaq	4	4
gnaq	6	4
gnaq	7	22
gnaq	9	3
gnas	1	3
gnas	2	13
gnas	4	10
gnas	5	2
gnas	6	2
gnas	7	27
gnas	9	1
gne	1	1
gne	2	1
gne	3	3
gne	4	20
gne	5	5
gne	7	14
gphn	2	1
gpr143	2	1
gpr143	7	1
gria3	7	1
grm6	2	1
grm6	4	4
grm6	6	1
gss	7	1
gusb	1	4
gusb	2	1
gusb	4	1
gusb	6	1
gusb	7	4
h3f3a	1	3
h3f3a	2	2
h3f3a	7	10
h3f3a	8	3
hadh	7	1
hal	1	2
hal	2	2
hal	4	1
hal	7	7
hcrt	1	1
hexa	1	1
hexa	6	1
hexb	1	1
hist1h1c	1	2
hmbs	2	1
hmbs	4	1
hmbs	8	1
hmbs	9	6
hnf1a	1	2
hnf1a	2	2
hnf1a	3	1
hnf1a	4	1
hnf1a	6	1
hnf1a	7	13
hnf4a	1	1
hnf4a	2	1
hnf4a	3	2
hnf4a	4	2
hnf4a	7	1
hnf4a	9	2
hoga1	2	1
hoxa2	6	1
hoxa2	7	1
hpd	2	1
hprt1	1	1
hprt1	5	1
hprt1	7	4
hr	1	154
hr	2	62
hr	3	25
hr	4	142
hr	5	71
hr	6	30
hr	7	188
hr	8	5
hr	9	10
hras	1	46
hras	2	69
hras	4	31
hras	5	17
hras	6	18
hras	7	150
hras	8	3
hsd17b10	7	2
hsd17b4	7	2
hspb1	7	2
hyal1	7	1
idh1	1	43
idh1	2	46
idh1	4	16
idh1	5	16
idh1	6	1
idh1	7	73
idh1	8	8
idh1	9	14
idh2	1	14
idh2	2	14
idh2	4	13
idh2	5	15
idh2	7	56
idh2	8	5
idh2	9	8
ids	1	1
ids	2	11
ids	4	16
ids	6	6
ids	7	16
ift80	2	1
igf1r	1	6
igf1r	2	20
igf1r	3	1
igf1r	4	6
igf1r	5	1
igf1r	6	3
igf1r	7	45
igf1r	8	1
ihh	1	1
ihh	2	1
ihh	5	2
ihh	6	2
ihh	7	1
ikbke	2	1
ikbke	7	1
ikbkg	2	2
ikbkg	7	3
ikzf1	1	7
ikzf1	2	5
ikzf1	4	2
ikzf1	5	2
ikzf1	7	4
il23r	7	1
il2rg	2	1
il2rg	7	2
il7r	1	1
il7r	2	4
il7r	3	1
il7r	4	3
il7r	7	7
inf2	1	1
ing1	7	2
inpp4b	1	2
inpp4b	2	1
inpp4b	4	1
inpp4b	7	2
inpp5e	4	1
irf6	1	2
irf6	4	2
irs2	1	1
irs2	2	5
irs2	3	1
irs2	4	4
irs2	5	3
irs2	7	9
itga2b	4	3
itgb2	4	2
itgb2	7	1
ivd	4	2
jag1	1	2
jag1	2	13
jag1	4	1
jag1	5	1
jag1	7	16
jak1	1	11
jak1	2	7
jak1	4	4
jak1	5	3
jak1	6	14
jak1	7	45
jak2	1	11
jak2	2	34
jak2	3	6
jak2	4	18
jak2	5	8
jak2	6	18
jak2	7	113
jak2	9	4
jak3	2	6
jak3	5	1
jak3	6	15
jak3	7	47
jun	1	32
jun	2	37
jun	4	47
jun	5	1
jun	6	8
jun	7	102
jun	8	2
jun	9	3
kars	5	1
kcnj11	7	1
kcnq1	1	1
kdm5a	1	1
kdm5a	2	2
kdm5a	4	5
kdm5c	1	3
kdm5c	2	2
kdm5c	4	4
kdm5c	7	5
kdm5c	8	1
kdm5c	9	3
kdm6a	1	15
kdm6a	2	2
kdm6a	4	9
kdm6a	5	1
kdm6a	6	2
kdm6a	7	7
kdm6a	8	1
kdm6a	9	4
kdr	1	1
kdr	2	11
kdr	3	2
kdr	4	5
kdr	6	7
kdr	7	45
keap1	1	14
keap1	2	10
keap1	4	36
keap1	5	4
keap1	6	1
keap1	7	26
keap1	8	2
kera	2	1
kif1b	2	1
kif5a	2	3
kif5a	7	4
kit	1	338
kit	2	337
kit	3	49
kit	4	351
kit	5	93
kit	6	90
kit	7	687
kit	8	17
kit	9	29
klf1	8	1
klf1	9	6
klf4	1	2
klf4	2	2
klf4	4	1
klf4	7	6
klf4	9	1
klf6	1	1
klf6	4	1
klf6	6	1
klf6	7	3
klhl7	4	1
kmt2a	1	7
kmt2a	2	2
kmt2a	4	3
kmt2a	6	1
kmt2a	7	3
kmt2b	1	4
kmt2b	2	1
kmt2b	4	1
kmt2b	6	1
kmt2b	7	3
kmt2c	1	5
kmt2c	2	2
kmt2c	4	5
kmt2c	6	1
kmt2c	7	7
kmt2d	1	9
kmt2d	2	9
kmt2d	4	5
kmt2d	5	1
kmt2d	6	1
kmt2d	7	8
kmt2d	9	1
knstrn	1	3
knstrn	4	1
kras	1	74
kras	2	155
kras	3	14
kras	4	77
kras	5	33
kras	6	28
kras	7	363
kras	8	5
kras	9	3
krit1	7	1
l1cam	2	1
l2hgdh	9	1
lamp2	1	2
lamp2	7	2
lats1	2	1
lats1	4	3
lats1	6	1
lats1	7	1
lats2	1	1
lats2	4	2
lats2	6	1
lats2	7	1
lbr	1	2
lct	1	1
lct	2	1
lct	7	2
ldlr	4	1
ldlrap1	2	1
lepr	1	1
lfng	1	1
lfng	2	11
lfng	4	1
lfng	5	1
lfng	7	14
lig4	7	1
lipa	4	1
lipi	7	1
lmx1b	1	1
lmx1b	7	1
lpl	7	4
lrp2	7	2
lrp5	1	3
lrp5	2	1
lrp5	4	1
lrp5	7	1
lrp6	1	2
lrp6	4	1
lrp6	5	1
lrp6	7	6
lrrk2	7	1
lrtomt	1	1
lyst	1	1
mad1l1	1	1
mad1l1	2	1
mad1l1	4	1
mad1l1	7	1
magt1	1	1
map2k1	1	6
map2k1	2	28
map2k1	4	9
map2k1	5	10
map2k1	6	4
map2k1	7	66
map2k1	8	1
map2k2	2	12
map2k2	5	4
map2k2	6	2
map2k2	7	30
map2k4	1	6
map2k4	2	5
map2k4	4	7
map2k4	5	1
map2k4	6	2
map2k4	7	9
map3k1	1	2
map3k1	2	5
map3k1	4	4
map3k1	5	1
map3k1	6	4
map3k1	7	7
map3k1	9	1
mapk1	1	25
mapk1	2	22
mapk1	4	10
mapk1	5	1
mapk1	6	1
mapk1	7	24
mapk1	8	2
mapk1	9	2
mat1a	2	1
mdm2	1	96
mdm2	2	22
mdm2	3	1
mdm2	4	82
mdm2	5	9
mdm2	6	15
mdm2	7	61
mdm2	8	4
mdm2	9	3
mdm4	1	3
mdm4	2	3
mdm4	5	3
mdm4	6	1
mdm4	7	13
mecp2	1	4
mecp2	4	2
mecp2	8	1
mecp2	9	3
med12	1	2
med12	2	2
med12	7	3
med12	8	1
med12	9	1
med13l	2	1
med13l	7	1
med25	7	1
mef2a	2	6
mef2a	4	5
mef2a	7	2
mef2b	1	1
mef2b	2	2
mef2b	4	4
mef2b	7	4
mef2b	9	1
men1	1	3
men1	2	4
men1	4	7
men1	5	2
men1	6	2
men1	7	9
met	1	125
met	2	152
met	3	32
met	4	102
met	5	38
met	6	91
met	7	336
met	8	10
met	9	5
mga	1	4
mga	2	1
mga	7	4
mgat2	1	1
mid1	8	1
minpp1	2	1
minpp1	4	1
minpp1	7	1
mkks	1	3
mkks	2	1
mkks	4	6
mkks	6	1
mlc1	7	1
mlh1	1	39
mlh1	2	14
mlh1	3	2
mlh1	4	50
mlh1	5	24
mlh1	6	15
mlh1	7	13
mlh3	1	10
mlh3	2	2
mlh3	3	1
mlh3	4	11
mlh3	5	2
mlh3	6	9
mlh3	7	1
mmab	7	1
mmp13	1	1
mmp13	2	4
mmp13	7	14
mpl	1	5
mpl	2	4
mpl	3	1
mpl	4	7
mpl	6	15
mpl	7	6
mpl	9	2
mpo	1	5
mpo	4	7
mpo	7	2
mre11	1	10
mre11	2	1
mre11	4	25
mre11	5	5
mre11	6	3
msh2	1	39
msh2	2	14
msh2	3	5
msh2	4	55
msh2	5	25
msh2	6	42
msh2	7	18
msh6	1	36
msh6	2	12
msh6	3	3
msh6	4	42
msh6	5	24
msh6	6	13
msh6	7	19
mthfr	1	1
mtm1	2	1
mtor	1	72
mtor	2	98
mtor	3	23
mtor	4	145
mtor	5	15
mtor	6	12
mtor	7	211
mtor	8	2
mtor	9	7
musk	1	1
musk	2	2
musk	6	1
musk	7	7
mut	1	47
mut	2	17
mut	4	33
mut	5	9
mut	6	13
mut	7	52
mut	8	1
mut	9	9
mutyh	1	4
mutyh	2	2
mutyh	4	4
mutyh	5	1
mutyh	6	1
mxi1	4	1
mxi1	7	4
myc	1	166
myc	2	155
myc	3	26
myc	4	239
myc	5	37
myc	6	31
myc	7	280
myc	8	8
myc	9	10
mycn	1	4
mycn	2	20
mycn	3	10
mycn	4	3
mycn	5	6
mycn	6	2
mycn	7	57
mycn	8	1
myd88	1	2
myd88	2	3
myd88	4	4
myd88	7	13
myd88	9	2
myo6	7	1
myo7a	7	3
myod1	2	5
myod1	4	1
myod1	7	2
nbn	1	14
nbn	4	2
nbn	5	1
nbn	7	1
ncf2	7	2
ncor1	1	6
ncor1	2	5
ncor1	4	1
ncor1	5	2
ncor1	7	1
ndufa1	1	1
ndufaf6	8	1
ndufaf6	9	6
ndufs3	2	1
neurod1	1	1
neurod1	3	1
neurod1	7	1
nf1	1	30
nf1	2	57
nf1	3	11
nf1	4	42
nf1	5	11
nf1	6	7
nf1	7	132
nf1	8	4
nf2	1	15
nf2	2	7
nf2	4	3
nf2	5	4
nf2	6	3
nf2	7	23
nfe2l2	1	6
nfe2l2	2	4
nfe2l2	4	13
nfe2l2	5	4
nfe2l2	6	2
nfe2l2	7	12
nfe2l2	8	2
nfe2l2	9	6
nfkbia	1	1
nfkbia	2	3
nfkbia	4	5
nfkbia	6	1
nfkbia	7	6
nhp2	1	1
nhp2	7	3
nipbl	1	2
nlrp1	1	2
nlrp3	2	1
nlrp3	4	4
nlrp3	6	1
nlrp7	7	1
nod2	2	1
nodal	1	16
nodal	2	15
nodal	4	10
nodal	5	4
nodal	6	2
nodal	7	47
nog	1	4
nog	4	1
nog	5	3
nog	6	6
nog	7	2
nop10	1	1
nop10	7	3
notch1	1	48
notch1	2	43
notch1	3	1
notch1	4	27
notch1	5	4
notch1	6	4
notch1	7	50
notch1	8	3
notch1	9	2
notch2	1	9
notch2	2	21
notch2	4	6
notch2	5	1
notch2	6	1
notch2	7	33
notch3	1	2
notch3	2	14
notch3	4	6
notch3	5	4
notch3	7	20
npc2	1	1
nphp4	7	1
nphp4	8	1
nphs1	1	1
nphs1	7	1
nphs2	1	1
nphs2	2	1
npm1	1	14
npm1	2	12
npm1	4	11
npm1	5	2
npm1	6	2
npm1	7	39
npm1	8	4
npm1	9	4
nr0b1	7	1
nr0b1	8	1
nr3c2	4	1
nr3c2	7	2
nras	1	54
nras	2	111
nras	3	13
nras	4	49
nras	5	24
nras	6	23
nras	7	226
nras	8	4
nras	9	4
nsd1	1	9
nsd1	2	6
nsd1	4	9
nsd1	6	1
nsd1	7	3
ntrk1	1	1
ntrk1	2	20
ntrk1	4	1
ntrk1	5	3
ntrk1	6	1
ntrk1	7	36
ntrk1	8	1
ntrk2	2	12
ntrk2	4	2
ntrk2	5	3
ntrk2	6	2
ntrk2	7	22
ntrk3	1	1
ntrk3	2	16
ntrk3	4	6
ntrk3	5	3
ntrk3	6	1
ntrk3	7	31
nup62	7	1
nup93	1	25
nup93	2	16
nup93	3	1
nup93	4	2
nup93	7	1
nup93	8	2
oat	7	1
ocln	1	1
ocln	7	1
ocln	9	2
ocrl	2	1
ofd1	2	4
ofd1	7	5
ogg1	1	3
osmr	7	1
otx2	2	1
otx2	6	1
otx2	7	8
pah	1	2
pah	2	1
pak1	1	27
pak1	2	25
pak1	4	19
pak1	5	1
pak1	6	4
pak1	7	23
pak1	8	2
pak3	2	2
pak3	6	1
pak3	7	10
park7	1	1
pax3	1	2
pax3	2	7
pax3	4	1
pax3	5	1
pax3	7	14
pax3	8	1
pax6	1	1
pax6	2	1
pax6	6	1
pax6	7	2
pax8	1	1
pax8	2	5
pax8	4	3
pax8	5	1
pax8	6	1
pax8	7	14
pbrm1	1	12
pbrm1	2	9
pbrm1	4	5
pbrm1	7	16
pc	1	47
pc	2	34
pc	3	4
pc	4	75
pc	5	5
pc	6	35
pc	7	67
pc	8	2
pc	9	2
pcdh15	6	1
pcdh15	7	4
pcdh19	1	2
pde6c	2	1
pde8b	7	1
pdgfra	1	8
pdgfra	2	79
pdgfra	3	19
pdgfra	4	19
pdgfra	5	10
pdgfra	6	6
pdgfra	7	166
pdgfra	8	3
pdgfra	9	1
pdgfrb	1	8
pdgfrb	2	43
pdgfrb	3	16
pdgfrb	4	3
pdgfrb	5	4
pdgfrb	6	3
pdgfrb	7	74
pdgfrb	8	1
pdgfrb	9	1
pdgfrl	7	1
pdss2	1	1
pdx1	1	5
pdx1	2	3
pdx1	3	1
pdx1	4	25
pdx1	6	28
pdx1	7	13
pex1	7	1
pex12	1	1
pfkm	4	1
pgam2	7	1
pgk1	4	1
pgk1	7	3
pgk1	8	1
phf6	7	3
phf8	1	1
phf8	4	5
phgdh	7	1
phgdh	8	1
phgdh	9	6
phox2b	2	7
phox2b	3	10
phox2b	5	7
phox2b	7	44
pigv	1	1
pik3ca	1	67
pik3ca	2	105
pik3ca	3	14
pik3ca	4	41
pik3ca	5	27
pik3ca	6	22
pik3ca	7	256
pik3ca	8	6
pik3ca	9	5
pik3cb	1	26
pik3cb	2	27
pik3cb	4	5
pik3cb	5	7
pik3cb	6	1
pik3cb	7	14
pik3cb	8	3
pik3cd	1	3
pik3cd	2	4
pik3cd	4	3
pik3cd	5	3
pik3cd	6	1
pik3cd	7	6
pik3r1	1	41
pik3r1	2	33
pik3r1	3	1
pik3r1	4	21
pik3r1	5	10
pik3r1	6	2
pik3r1	7	53
pik3r1	8	2
pik3r2	1	11
pik3r2	2	5
pik3r2	4	6
pik3r2	5	7
pik3r2	6	1
pik3r2	7	15
pik3r2	8	1
pik3r3	1	9
pik3r3	2	1
pik3r3	4	2
pik3r3	7	2
pikfyve	2	1
pim1	1	11
pim1	2	5
pim1	3	8
pim1	4	26
pim1	5	40
pim1	6	13
pim1	7	14
pim1	9	1
pink1	2	1
pink1	7	1
pip5k1c	2	1
pitx2	1	2
pitx2	2	5
pitx2	4	1
pkd1	1	2
pkd1	7	1
pkhd1	2	1
pkhd1	7	1
pla2g6	2	1
plce1	1	1
plec	1	2
plp1	4	1
pmm2	6	1
pmp22	1	1
pms1	1	11
pms1	4	12
pms1	5	2
pms1	6	9
pms2	1	25
pms2	2	6
pms2	3	2
pms2	4	36
pms2	5	22
pms2	6	10
pms2	7	15
pnkd	7	1
pnkp	4	1
pole	1	35
pole	2	20
pole	4	27
pole	5	1
pole	6	1
pole	7	15
pole	8	2
polg2	7	1
polh	1	1
polh	2	2
polh	7	1
pparg	1	3
pparg	2	8
pparg	4	4
pparg	6	2
pparg	7	23
pparg	9	1
ppm1d	7	5
ppox	8	1
ppox	9	6
ppp2r1a	1	8
ppp2r1a	2	2
ppp2r1a	4	3
ppp2r1a	7	4
ppp2r1b	1	4
ppp2r1b	7	1
ppp6c	2	1
ppp6c	4	6
ppp6c	7	1
prdm1	1	4
prdm1	2	6
prdm1	4	5
prdm1	5	3
prdm1	7	9
prkag2	7	1
proc	1	3
proc	2	2
proc	6	2
proc	7	20
prodh	2	1
prom1	1	1
prop1	1	2
prpf8	8	1
prpf8	9	6
prss1	1	1
psen2	1	1
psen2	2	11
psen2	4	1
psen2	5	1
psen2	7	13
pstpip1	7	1
ptch1	1	3
ptch1	2	13
ptch1	4	6
ptch1	5	4
ptch1	6	2
ptch1	7	22
ptch1	8	1
ptch1	9	1
pten	1	97
pten	2	110
pten	3	27
pten	4	209
pten	5	35
pten	6	31
pten	7	250
pten	8	5
pten	9	2
ptpn11	1	8
ptpn11	2	38
ptpn11	4	11
ptpn11	5	10
ptpn11	6	7
ptpn11	7	79
ptpn11	8	1
ptpn12	2	2
ptpn12	4	1
ptpn12	5	3
ptpn12	7	8
ptpn22	7	1
ptprd	1	6
ptprd	2	3
ptprd	4	2
ptprd	5	3
ptprd	6	1
ptprd	7	15
ptprj	1	1
ptprj	4	1
ptprj	7	1
ptprt	1	16
ptprt	4	11
pts	1	2
pts	2	4
pts	4	1
pts	7	3
pygm	4	1
pyy	1	1
rab27a	2	1
rab27a	7	2
rab35	7	2
rab3gap2	1	1
rab3gap2	7	1
rab7a	1	2
rac1	1	33
rac1	2	36
rac1	3	1
rac1	4	24
rac1	6	2
rac1	7	46
rac1	8	2
rac2	2	3
rac2	4	2
rac2	7	4
rad21	1	5
rad21	4	1
rad21	6	2
rad21	7	2
rad50	1	15
rad50	2	2
rad50	4	25
rad50	5	5
rad50	6	3
rad50	7	4
rad51b	1	4
rad51b	2	6
rad51b	3	1
rad51b	7	2
rad51b	8	1
rad51c	1	21
rad51c	2	6
rad51c	3	1
rad51c	4	8
rad51c	5	2
rad51c	7	1
rad51d	1	17
rad51d	3	1
rad51d	4	5
rad51d	5	2
rad54b	4	1
rad54b	7	3
rad54l	7	1
raf1	1	6
raf1	2	37
raf1	4	19
raf1	5	5
raf1	6	4
raf1	7	85
ranbp2	2	8
ranbp2	3	10
ranbp2	4	3
ranbp2	5	5
ranbp2	7	44
rara	1	9
rara	2	8
rara	4	6
rara	5	2
rara	6	1
rara	7	1
rara	8	4
rasa1	1	5
rasa1	2	1
rasa1	7	6
rax	2	1
rb1	1	48
rb1	2	33
rb1	4	20
rb1	5	8
rb1	6	8
rb1	7	52
rb1	8	1
rb1	9	6
rbbp8	1	1
rbbp8	4	2
rbm10	1	3
rbm10	2	1
rbm10	4	1
rbm10	7	3
rdh5	2	1
recql4	1	2
recql4	7	1
ret	1	15
ret	2	68
ret	3	8
ret	4	18
ret	5	9
ret	6	15
ret	7	149
rheb	1	28
rheb	2	14
rheb	3	17
rheb	4	35
rheb	5	10
rheb	7	52
rheb	8	1
rhoa	1	29
rhoa	2	8
rhoa	4	27
rhoa	5	5
rhoa	6	4
rhoa	7	22
rhoa	8	3
rictor	1	2
rictor	2	6
rictor	3	11
rictor	4	1
rictor	5	3
rictor	7	33
rit1	1	2
rit1	2	3
rit1	4	4
rit1	7	8
rnaseh2b	7	1
rnf135	4	1
rnf43	1	2
rnf43	2	6
rnf43	4	6
rnf43	6	1
rnf43	7	2
rnf6	4	7
robo2	2	1
ros1	1	4
ros1	2	47
ros1	3	3
ros1	4	4
ros1	5	5
ros1	6	6
ros1	7	74
rp1	1	2
rp1	7	2
rpl5	2	1
rps19	1	2
rras2	1	23
rras2	2	16
rras2	4	2
rras2	7	1
rras2	8	2
rrm2b	4	1
rs1	7	1
runx1	1	26
runx1	2	20
runx1	3	1
runx1	4	28
runx1	5	4
runx1	6	2
runx1	7	28
runx1	8	2
runx1	9	6
runx2	1	5
runx2	2	3
runx2	4	9
runx2	6	1
runx2	7	13
runx2	8	1
runx2	9	1
rxra	1	2
rxra	2	1
rxra	6	2
rxra	7	3
rxra	8	1
rybp	1	3
rybp	2	1
rybp	8	2
sacs	1	5
sacs	2	1
sacs	7	2
sall4	1	1
sall4	2	1
sart3	2	1
sbds	1	2
scn3b	2	1
scn3b	7	1
scn9a	2	1
scn9a	7	1
scnn1g	7	4
sdha	1	2
sdha	2	10
sdha	3	1
sdha	4	6
sdha	5	2
sdha	7	10
sdhaf2	2	10
sdhaf2	4	1
sdhaf2	5	2
sdhaf2	7	7
sdhb	1	2
sdhb	2	10
sdhb	4	9
sdhb	5	2
sdhb	7	10
sdhc	1	2
sdhc	2	4
sdhc	4	2
sdhc	5	2
sdhc	7	9
sdhd	1	2
sdhd	2	10
sdhd	4	4
sdhd	5	2
sdhd	7	9
sec23a	7	1
sept9	2	2
sept9	7	2
sept9	8	1
serping1	7	1
serpini1	7	1
setbp1	1	1
setd2	1	8
setd2	2	3
setd2	4	4
setd2	7	11
setx	7	1
sf3b1	1	26
sf3b1	2	32
sf3b1	4	6
sf3b1	5	3
sf3b1	7	28
sf3b1	8	2
sf3b1	9	18
sgca	1	3
sgca	3	1
sgca	4	4
sgca	5	4
sgcd	7	3
sgcg	1	9
sgcg	4	2
sh2d1a	8	1
shh	1	5
shh	2	14
shh	4	3
shh	5	2
shh	6	2
shh	7	14
shoc2	2	6
shoc2	4	5
shoc2	5	2
shoc2	7	12
shq1	1	1
shq1	4	2
si	1	16
si	2	41
si	3	1
si	4	25
si	5	10
si	6	5
si	7	110
si	8	1
si	9	2
six1	7	2
six6	2	1
slc12a1	2	1
slc16a1	1	1
slc16a1	7	1
slc25a38	9	2
slc26a4	7	2
slc34a3	2	1
slc40a1	7	1
slc5a5	7	2
slc9a3r1	7	1
smad2	1	45
smad2	2	14
smad2	3	3
smad2	4	37
smad2	5	4
smad2	6	8
smad2	7	21
smad3	1	38
smad3	2	15
smad3	3	2
smad3	4	37
smad3	5	4
smad3	6	8
smad3	7	17
smad4	1	53
smad4	2	13
smad4	3	3
smad4	4	53
smad4	5	7
smad4	6	10
smad4	7	29
smad4	8	1
smad4	9	6
smarca4	1	17
smarca4	2	9
smarca4	4	15
smarca4	5	3
smarca4	7	21
smarcal1	1	1
smarcb1	1	8
smarcb1	2	3
smarcb1	4	7
smarcb1	5	2
smarcb1	6	2
smarcb1	7	12
smarcb1	8	2
smarcb1	9	1
smc1a	1	5
smn1	9	3
smn2	1	2
smn2	4	2
smo	1	2
smo	2	12
smo	5	2
smo	6	4
smo	7	13
sms	2	3
sms	4	1
sms	5	1
sms	7	2
sms	8	1
sncb	7	1
sos1	1	2
sos1	2	13
sos1	4	19
sos1	5	4
sos1	6	5
sos1	7	40
sox10	2	4
sox10	7	6
sox10	8	1
sox17	1	3
sox17	2	4
sox17	4	2
sox17	7	6
sox18	1	1
sox9	1	3
sox9	2	2
sox9	3	2
sox9	4	7
sox9	6	1
sox9	7	11
sox9	8	1
sox9	9	3
spen	1	3
spen	2	11
spen	4	1
spen	5	1
spen	7	13
spop	1	7
spop	2	8
spop	4	22
spop	5	4
spop	6	1
spop	7	10
spop	8	1
spred1	1	2
spred1	2	4
spred1	4	3
spred1	5	1
spred1	7	15
sqstm1	2	3
sqstm1	7	10
src	1	41
src	2	84
src	3	2
src	4	72
src	5	12
src	6	35
src	7	281
src	8	2
srd5a2	6	1
srsf2	2	3
srsf2	4	2
srsf2	5	2
srsf2	7	9
srsf2	8	1
srsf2	9	18
sry	1	2
sry	2	1
sry	3	1
sry	4	2
sry	7	3
sry	9	1
stag2	1	6
stag2	5	1
stag2	6	2
stag2	7	1
star	1	32
star	2	41
star	4	37
star	5	5
star	6	10
star	7	62
star	9	1
stat1	1	10
stat1	2	21
stat1	4	1
stat1	5	2
stat1	7	46
stat3	1	24
stat3	2	59
stat3	3	17
stat3	4	15
stat3	5	7
stat3	6	6
stat3	7	195
stat3	8	1
stat5b	2	3
stat5b	4	1
stat5b	5	1
stat5b	6	1
stat5b	7	17
stat5b	9	2
stk11	1	12
stk11	2	15
stk11	4	21
stk11	5	4
stk11	6	3
stk11	7	23
sts	1	6
sts	2	4
sts	4	3
sts	7	3
sts	8	1
sufu	1	2
sufu	2	10
sufu	5	4
sufu	6	2
sufu	7	18
syne1	1	1
syne2	1	1
tat	1	19
tat	2	19
tat	4	20
tat	5	7
tat	6	9
tat	7	42
tat	8	1
tat	9	3
taz	1	3
taz	2	4
taz	4	3
taz	7	7
tbx4	1	2
tbx4	7	1
tbx5	1	2
tbx5	4	1
tbx5	7	4
tbxas1	2	2
tbxas1	7	1
tcf3	1	8
tcf3	2	9
tcf3	3	1
tcf3	4	8
tcf3	5	2
tcf3	7	8
tcf4	1	14
tcf4	2	4
tcf4	3	1
tcf4	4	7
tcf4	5	2
tcf4	6	1
tcf4	7	18
tcf7l2	1	7
tcf7l2	2	2
tcf7l2	3	1
tcf7l2	4	4
tcf7l2	5	2
tcf7l2	6	1
tcf7l2	7	3
tcof1	4	1
tdp1	4	3
tek	1	11
tek	2	7
tek	4	13
tek	5	2
tek	6	6
tek	7	16
tert	1	14
tert	2	26
tert	3	1
tert	4	27
tert	5	8
tert	6	3
tert	7	60
tert	8	2
tert	9	6
tet1	1	6
tet1	2	2
tet1	4	3
tet1	5	3
tet1	6	6
tet1	7	1
tet1	8	1
tet1	9	3
tet2	1	14
tet2	2	19
tet2	4	7
tet2	5	6
tet2	6	7
tet2	7	41
tet2	8	1
tet2	9	16
tfap2b	4	1
tgfb1	1	3
tgfb1	2	3
tgfb1	4	5
tgfb1	6	1
tgfb1	7	1
tgfbi	7	4
tgfbr1	1	18
tgfbr1	2	7
tgfbr1	3	1
tgfbr1	4	16
tgfbr2	1	14
tgfbr2	2	5
tgfbr2	3	1
tgfbr2	4	19
tgfbr2	5	1
tgfbr2	6	1
tgfbr2	7	7
tgif1	1	1
tgif1	4	1
tinf2	7	1
tlr1	2	1
tlr2	2	2
tlr2	7	3
tlr3	7	1
tlr4	1	2
tlr4	2	2
tlr4	4	4
tlr4	6	1
tlr4	7	3
tmem43	7	1
tmem67	1	1
tmprss2	1	8
tmprss2	2	16
tmprss2	3	2
tmprss2	4	12
tmprss2	6	1
tmprss2	7	19
tmprss2	9	1
tmprss3	7	1
tmprss6	1	2
tnfsf11	2	4
tnxb	2	1
tnxb	7	1
tp53	1	193
tp53	2	107
tp53	3	4
tp53	4	139
tp53	5	30
tp53	6	22
tp53	7	205
tp53	8	7
tp53	9	11
tp53bp1	1	3
tp53bp1	2	6
tp53bp1	4	1
tp53bp1	5	1
tp53bp1	7	5
tp63	1	2
tp63	2	4
tp63	4	2
tp63	7	6
tpo	1	1
tpo	2	3
tpo	4	10
tpo	6	1
tpo	7	7
tpo	9	5
trim37	2	1
trim37	4	4
trim37	6	1
trip11	2	6
trip11	7	1
trpc6	1	1
trpm6	7	1
trps1	1	1
trps1	4	1
trps1	7	4
tsc1	1	37
tsc1	2	13
tsc1	3	17
tsc1	4	40
tsc1	5	10
tsc1	6	2
tsc1	7	58
tsc2	1	31
tsc2	2	21
tsc2	3	7
tsc2	4	37
tsc2	5	9
tsc2	6	2
tsc2	7	62
tshr	7	2
tuba1a	1	1
tuba1a	4	1
tuba1a	7	1
tubb2b	1	1
tubb2b	7	1
tubb3	1	1
tubb3	7	1
twist1	2	2
twist1	4	1
twist1	7	7
tyr	1	46
tyr	2	49
tyr	3	8
tyr	4	139
tyr	5	14
tyr	6	58
tyr	7	238
tyr	8	1
tyr	9	5
u2af1	1	26
u2af1	2	20
u2af1	4	4
u2af1	5	2
u2af1	6	1
u2af1	7	11
u2af1	8	2
u2af1	9	18
uba1	1	1
uba1	4	1
uchl1	2	1
uchl1	7	1
ucp3	7	1
ung	1	2
ung	2	2
ung	7	2
upf3b	9	6
urod	8	1
urod	9	6
ush2a	7	4
vangl1	1	1
vangl1	2	1
vcl	1	1
vcl	2	5
vcl	7	3
vcp	1	1
vcp	4	5
vdr	1	4
vdr	2	1
vdr	7	1
vegfa	1	3
vegfa	2	17
vegfa	6	2
vegfa	7	28
vhl	1	24
vhl	2	16
vhl	4	36
vhl	5	6
vhl	6	2
vhl	7	42
vhl	8	1
vhl	9	4
vim	1	5
vim	2	6
vim	4	4
vim	5	1
vim	6	1
vim	7	9
vps13a	7	1
vwf	4	3
vwf	6	1
vwf	7	3
wdr62	1	1
wdr62	4	1
wdr62	7	2
whsc1	1	3
whsc1	2	4
whsc1	5	1
whsc1	6	1
whsc1	7	8
whsc1l1	1	1
whsc1l1	2	4
whsc1l1	3	1
whsc1l1	4	3
whsc1l1	6	1
whsc1l1	7	5
wisp3	1	1
wisp3	4	1
wnk4	4	1
wnt10a	2	1
wnt10a	7	1
wnt7a	7	1
wrn	1	9
wrn	4	6
wrn	5	1
wrn	6	4
wt1	1	10
wt1	2	13
wt1	3	1
wt1	4	7
wt1	5	2
wt1	6	1
wt1	7	20
wt1	8	1
wwox	1	3
wwox	2	1
wwox	3	1
wwox	4	4
wwox	6	3
wwox	7	4
xpa	1	10
xpa	2	2
xpa	4	7
xpc	1	15
xpc	2	2
xpc	4	2
xpc	9	1
xpo1	2	3
xpo1	6	1
xpo1	7	3
xpo1	9	2
xrcc2	1	5
xrcc2	3	1
xrcc2	4	2
xrcc2	7	1
yap1	2	7
yap1	4	5
yap1	6	3
yap1	7	6
zeb2	2	5
zfpm2	1	1
zfpm2	4	1
zmpste24	4	1
